{
    "rmse": 995486.9396447908,
    "mae": 223437.71470938853,
    "r2": 0.028290627665676693
}